[
    {
        "train_keys": [
            "video_1",
            "video_10",
            "video_13",
            "video_14",
            "video_15",
            "video_16",
            "video_17",
            "video_18",
            "video_19",
            "video_20",
            "video_21",
            "video_22",
            "video_23",
            "video_25",
            "video_3",
            "video_4",
            "video_5",
            "video_6",
            "video_8",
            "video_9"
        ],
        "test_keys": [
            "video_11",
            "video_12",
            "video_2",
            "video_24",
            "video_7"
        ]
    },
    {
        "train_keys": [
            "video_1",
            "video_10",
            "video_12",
            "video_13",
            "video_14",
            "video_15",
            "video_16",
            "video_17",
            "video_18",
            "video_19",
            "video_2",
            "video_20",
            "video_21",
            "video_22",
            "video_23",
            "video_4",
            "video_5",
            "video_6",
            "video_7",
            "video_9"
        ],
        "test_keys": [
            "video_11",
            "video_24",
            "video_25",
            "video_3",
            "video_8"
        ]
    },
    {
        "train_keys": [
            "video_1",
            "video_10",
            "video_12",
            "video_13",
            "video_14",
            "video_15",
            "video_16",
            "video_17",
            "video_19",
            "video_2",
            "video_20",
            "video_21",
            "video_23",
            "video_24",
            "video_25",
            "video_4",
            "video_5",
            "video_7",
            "video_8",
            "video_9"
        ],
        "test_keys": [
            "video_11",
            "video_18",
            "video_22",
            "video_3",
            "video_6"
        ]
    },
    {
        "train_keys": [
            "video_10",
            "video_11",
            "video_12",
            "video_13",
            "video_15",
            "video_16",
            "video_17",
            "video_18",
            "video_19",
            "video_2",
            "video_20",
            "video_21",
            "video_24",
            "video_25",
            "video_3",
            "video_5",
            "video_6",
            "video_7",
            "video_8",
            "video_9"
        ],
        "test_keys": [
            "video_1",
            "video_14",
            "video_22",
            "video_23",
            "video_4"
        ]
    },
    {
        "train_keys": [
            "video_1",
            "video_10",
            "video_12",
            "video_14",
            "video_15",
            "video_17",
            "video_18",
            "video_20",
            "video_21",
            "video_22",
            "video_23",
            "video_24",
            "video_25",
            "video_3",
            "video_4",
            "video_5",
            "video_6",
            "video_7",
            "video_8",
            "video_9"
        ],
        "test_keys": [
            "video_11",
            "video_13",
            "video_16",
            "video_19",
            "video_2"
        ]
    }
]